decision_group,decision_type,source_scope,source_id,current_evidence,owner_input_required,blocking_gate,owner
A_TENANT,TARGET_TENANT_MAPPING,SOURCE_COMPANY,comp_1777895277336,HD Co.Ltd; products=34; warehouse_records=2679,Provide target Company UUID and code; confirm in-scope status,TENANT_MAPPING,OWNER
A_TENANT,TARGET_TENANT_MAPPING,SOURCE_COMPANY,comp_1780202063417,Doanh Thu Hàng Tháng ; products=2; warehouse_records=0,Provide target Company UUID and code; confirm in-scope status,TENANT_MAPPING,OWNER
B_WAREHOUSE,WAREHOUSE_MASTER_AND_MAPPING,WAREHOUSE_SOURCE,NOT_FOUND,Current snapshot contains 2679 warehouse operational records with companyId but no warehouse identity fields; no warehouse master file present,Provide official warehouse master and deterministic source-record-to-warehouse mapping; do not create from this artifact,WAREHOUSE_MAPPING,OWNER/KHO
C_UOM,TARGET_UOM_MASTER_MAPPING,UOM_SOURCE,Bao; Bộ; Cái; Chuyến; Con; Kg,Observed labels are source field values only; target UOM rows/IDs were not queried,Provide approved target UOM code/UUID and tenant scope for each observed label,UOM_READY,OWNER/KHO
E_PRODUCT_UOM,PRODUCT_UOM_TARGET_ROLES,PRODUCT_UOM,ALL_36_PRODUCTS,"Policy semantics are known for approved poultry/by-product cases, but target UOM IDs and ProductUnit role rows are not mapped",Confirm target base/purchase/sales/inventory UOM IDs; provide conversion only where explicitly approved,PRODUCT_UOM_READY,OWNER/KHO
D_PRODUCT_TARGET,TARGET_PRODUCT_MAPPING,PRODUCT,prod_1779104073246,Gà Sống; source tenant=comp_1777895277336; source UOM=Kg/Cái,Provide approved target tenant and target product action/ID; no source-to-target inference,TARGET_MAPPING_READY,OWNER
D_PRODUCT_TARGET,TARGET_PRODUCT_MAPPING,PRODUCT,prod_1779104101173,Gà Móc; source tenant=comp_1777895277336; source UOM=Kg/Kg,Provide approved target tenant and target product action/ID; no source-to-target inference,TARGET_MAPPING_READY,OWNER
D_PRODUCT_TARGET,TARGET_PRODUCT_MAPPING,PRODUCT,prod_1779104118174,Gà Không Móc; source tenant=comp_1777895277336; source UOM=Kg/Cái,Provide approved target tenant and target product action/ID; no source-to-target inference,TARGET_MAPPING_READY,OWNER
D_PRODUCT_TARGET,TARGET_PRODUCT_MAPPING,PRODUCT,prod_1779104146701,Gà Móc Sạch; source tenant=comp_1777895277336; source UOM=Kg/Cái,Provide approved target tenant and target product action/ID; no source-to-target inference,TARGET_MAPPING_READY,OWNER
D_PRODUCT_TARGET,TARGET_PRODUCT_MAPPING,PRODUCT,prod_1779104170597,Gà Móc Sạch Cắt Chân; source tenant=comp_1777895277336; source UOM=Kg/Cái,Provide approved target tenant and target product action/ID; no source-to-target inference,TARGET_MAPPING_READY,OWNER
D_PRODUCT_TARGET,TARGET_PRODUCT_MAPPING,PRODUCT,prod_1779104205565,Vịt Sống; source tenant=comp_1777895277336; source UOM=Kg/Cái,Provide approved target tenant and target product action/ID; no source-to-target inference,TARGET_MAPPING_READY,OWNER
D_PRODUCT_TARGET,TARGET_PRODUCT_MAPPING,PRODUCT,prod_1779104224062,Vịt Không Móc; source tenant=comp_1777895277336; source UOM=Kg/Kg,Provide approved target tenant and target product action/ID; no source-to-target inference,TARGET_MAPPING_READY,OWNER
D_PRODUCT_TARGET,TARGET_PRODUCT_MAPPING,PRODUCT,prod_1779104241550,Vịt Móc; source tenant=comp_1777895277336; source UOM=Kg/Cái,Provide approved target tenant and target product action/ID; no source-to-target inference,TARGET_MAPPING_READY,OWNER
D_PRODUCT_TARGET,TARGET_PRODUCT_MAPPING,PRODUCT,prod_1779104268878,Vịt Móc Sạch; source tenant=comp_1777895277336; source UOM=Kg/Cái,Provide approved target tenant and target product action/ID; no source-to-target inference,TARGET_MAPPING_READY,OWNER
D_PRODUCT_TARGET,TARGET_PRODUCT_MAPPING,PRODUCT,prod_1779104293541,Vịt Móc Sạch Cắt Chân; source tenant=comp_1777895277336; source UOM=Kg/Cái,Provide approved target tenant and target product action/ID; no source-to-target inference,TARGET_MAPPING_READY,OWNER
D_PRODUCT_TARGET,TARGET_PRODUCT_MAPPING,PRODUCT,prod_1779104313397,Vịt Bọng; source tenant=comp_1777895277336; source UOM=Kg/Cái,Provide approved target tenant and target product action/ID; no source-to-target inference,TARGET_MAPPING_READY,OWNER
D_PRODUCT_TARGET,TARGET_PRODUCT_MAPPING,PRODUCT,prod_1779104330830,Cánh Gà; source tenant=comp_1777895277336; source UOM=Kg/Cái,Provide approved target tenant and target product action/ID; no source-to-target inference,TARGET_MAPPING_READY,OWNER
D_PRODUCT_TARGET,TARGET_PRODUCT_MAPPING,PRODUCT,prod_1779104342214,Đùi Gà; source tenant=comp_1777895277336; source UOM=Kg/Cái,Provide approved target tenant and target product action/ID; no source-to-target inference,TARGET_MAPPING_READY,OWNER
D_PRODUCT_TARGET,TARGET_PRODUCT_MAPPING,PRODUCT,prod_1779104360773,Đùi Tỏi; source tenant=comp_1777895277336; source UOM=Kg/Cái,Provide approved target tenant and target product action/ID; no source-to-target inference,TARGET_MAPPING_READY,OWNER
D_PRODUCT_TARGET,TARGET_PRODUCT_MAPPING,PRODUCT,prod_1779104371789,Ức Gà; source tenant=comp_1777895277336; source UOM=Kg/Cái,Provide approved target tenant and target product action/ID; no source-to-target inference,TARGET_MAPPING_READY,OWNER
D_PRODUCT_TARGET,TARGET_PRODUCT_MAPPING,PRODUCT,prod_1779104388678,Gà Bọng; source tenant=comp_1777895277336; source UOM=Kg/Cái,Provide approved target tenant and target product action/ID; no source-to-target inference,TARGET_MAPPING_READY,OWNER
D_PRODUCT_TARGET,TARGET_PRODUCT_MAPPING,PRODUCT,prod_1779104406958,Chân Gà; source tenant=comp_1777895277336; source UOM=Kg/Cái,Provide approved target tenant and target product action/ID; no source-to-target inference,TARGET_MAPPING_READY,OWNER
D_PRODUCT_TARGET,TARGET_PRODUCT_MAPPING,PRODUCT,prod_1779104421262,Chân Vịt; source tenant=comp_1777895277336; source UOM=Kg/Cái,Provide approved target tenant and target product action/ID; no source-to-target inference,TARGET_MAPPING_READY,OWNER
D_PRODUCT_TARGET,TARGET_PRODUCT_MAPPING,PRODUCT,prod_1779104434102,Đầu Gà; source tenant=comp_1777895277336; source UOM=Kg/Cái,Provide approved target tenant and target product action/ID; no source-to-target inference,TARGET_MAPPING_READY,OWNER
D_PRODUCT_TARGET,TARGET_PRODUCT_MAPPING,PRODUCT,prod_1779104446485,Đầu Vịt; source tenant=comp_1777895277336; source UOM=Kg/Cái,Provide approved target tenant and target product action/ID; no source-to-target inference,TARGET_MAPPING_READY,OWNER
D_PRODUCT_TARGET,TARGET_PRODUCT_MAPPING,PRODUCT,prod_1779104459006,Đầu Vịt Dài; source tenant=comp_1777895277336; source UOM=Kg/Cái,Provide approved target tenant and target product action/ID; no source-to-target inference,TARGET_MAPPING_READY,OWNER
D_PRODUCT_TARGET,TARGET_PRODUCT_MAPPING,PRODUCT,prod_1779104474430,Lòng Gà; source tenant=comp_1777895277336; source UOM=Bộ/Bộ,Provide approved target tenant and target product action/ID; no source-to-target inference,TARGET_MAPPING_READY,OWNER
D_PRODUCT_TARGET,TARGET_PRODUCT_MAPPING,PRODUCT,prod_1779104486206,Lòng Vịt; source tenant=comp_1777895277336; source UOM=Bộ/Bộ,Provide approved target tenant and target product action/ID; no source-to-target inference,TARGET_MAPPING_READY,OWNER
D_PRODUCT_TARGET,TARGET_PRODUCT_MAPPING,PRODUCT,prod_1779104526942,Thùng Xốp; source tenant=comp_1777895277336; source UOM=Cái/Cái,Provide approved target tenant and target product action/ID; no source-to-target inference,TARGET_MAPPING_READY,OWNER
D_PRODUCT_TARGET,TARGET_PRODUCT_MAPPING,PRODUCT,prod_1779104541910,Phế Phẩm; source tenant=comp_1777895277336; source UOM=Kg/Cái,Provide approved target tenant and target product action/ID; no source-to-target inference,TARGET_MAPPING_READY,OWNER
D_PRODUCT_TARGET,TARGET_PRODUCT_MAPPING,PRODUCT,prod_1779104561166,Phí Ship; source tenant=comp_1777895277336; source UOM=Chuyến/Cái,Provide approved target tenant and target product action/ID; no source-to-target inference,TARGET_MAPPING_READY,OWNER
D_PRODUCT_TARGET,TARGET_PRODUCT_MAPPING,PRODUCT,prod_1779104571278,Đá; source tenant=comp_1777895277336; source UOM=Bao/Cái,Provide approved target tenant and target product action/ID; no source-to-target inference,TARGET_MAPPING_READY,OWNER
D_PRODUCT_TARGET,TARGET_PRODUCT_MAPPING,PRODUCT,prod_1779104605054,Vịt Loại; source tenant=comp_1777895277336; source UOM=Con/Con,Provide approved target tenant and target product action/ID; no source-to-target inference,TARGET_MAPPING_READY,OWNER
D_PRODUCT_TARGET,TARGET_PRODUCT_MAPPING,PRODUCT,prod_1779104619174,Gà Loại; source tenant=comp_1777895277336; source UOM=Con/Con,Provide approved target tenant and target product action/ID; no source-to-target inference,TARGET_MAPPING_READY,OWNER
D_PRODUCT_TARGET,TARGET_PRODUCT_MAPPING,PRODUCT,prod_1781562583964,Mỡ Gà; source tenant=comp_1777895277336; source UOM=Kg/Kg,Provide approved target tenant and target product action/ID; no source-to-target inference,TARGET_MAPPING_READY,OWNER
D_PRODUCT_TARGET,TARGET_PRODUCT_MAPPING,PRODUCT,prod_1781656503918,Lông Vịt; source tenant=comp_1777895277336; source UOM=Kg/Kg,Provide approved target tenant and target product action/ID; no source-to-target inference,TARGET_MAPPING_READY,OWNER
D_PRODUCT_TARGET,TARGET_PRODUCT_MAPPING,PRODUCT,prod_1782399766159,Vịt Không Móc; source tenant=comp_1780202063417; source UOM=Kg/Kg,Provide approved target tenant and target product action/ID; no source-to-target inference,TARGET_MAPPING_READY,OWNER
D_PRODUCT_TARGET,TARGET_PRODUCT_MAPPING,PRODUCT,prod_1782399802559,Vịt Không Móc; source tenant=comp_1780202063417; source UOM=Kg/Kg,Provide approved target tenant and target product action/ID; no source-to-target inference,TARGET_MAPPING_READY,OWNER
D_PRODUCT_TARGET,TARGET_PRODUCT_MAPPING,PRODUCT,prod_1782977822236,Phao Câu; source tenant=comp_1777895277336; source UOM=Kg/Kg,Provide approved target tenant and target product action/ID; no source-to-target inference,TARGET_MAPPING_READY,OWNER
D_PRODUCT_TARGET,TARGET_PRODUCT_MAPPING,PRODUCT,prod_1786785535576,Vịt Không Móc To; source tenant=comp_1777895277336; source UOM=Con/Con,Provide approved target tenant and target product action/ID; no source-to-target inference,TARGET_MAPPING_READY,OWNER
D_PRODUCT_TARGET,TARGET_PRODUCT_MAPPING,PRODUCT,prod_1786785560787,Vịt Không Móc Trung; source tenant=comp_1777895277336; source UOM=Con/Con,Provide approved target tenant and target product action/ID; no source-to-target inference,TARGET_MAPPING_READY,OWNER
F_SERVICE_NON_INVENTORY,SERVICE_NON_INVENTORY_CLASSIFICATION,PRODUCT,prod_1779104526942,Thùng Xốp; category=Phụ; UOM=Cái/Cái,Classify as INVENTORY or NON_INVENTORY; confirm whether it participates in stock ledger,SERVICE_NON_INVENTORY,OWNER/BUSINESS
F_SERVICE_NON_INVENTORY,SERVICE_NON_INVENTORY_CLASSIFICATION,PRODUCT,prod_1779104561166,Phí Ship; category=Phụ; UOM=Chuyến/Cái,Classify as INVENTORY or NON_INVENTORY; confirm whether it participates in stock ledger,SERVICE_NON_INVENTORY,OWNER/BUSINESS
F_SERVICE_NON_INVENTORY,SERVICE_NON_INVENTORY_CLASSIFICATION,PRODUCT,prod_1779104571278,Đá; category=Phụ; UOM=Bao/Cái,Classify as INVENTORY or NON_INVENTORY; confirm whether it participates in stock ledger,SERVICE_NON_INVENTORY,OWNER/BUSINESS
